"id","created_time","ch4","co","dust","humidity","latitude","longitude","nh3","no2","node_id","co2","temperature"
"1003703","2023-12-28 19:55:17+00","0","350","410","48.84","33.64","72.99","0","85","3","446.48","18.35"
"1003704","2023-12-28 19:56:43+00","0","355","274","37.23","33.64","72.99","0","159","5","541.15","23.03"
"1003705","2023-12-28 20:00:18+00","0","348","378","49.12","33.64","72.99","0","106","3","446.79","18.28"
"1003706","2023-12-28 20:01:45+00","0","379","273","37.22","33.64","72.99","0","151","5","554.38","23.23"
"1003707","2023-12-28 20:05:20+00","0","323","354","49.33","33.64","72.99","0","91","3","447.79","18.2"
"1003708","2023-12-28 20:06:46+00","0","348","258","37.13","33.64","72.99","0","148","5","521.67","23.44"
"1003709","2023-12-28 20:10:21+00","0","323","323","49.34","33.64","72.99","0","101","3","442.41","18.11"
"1003710","2023-12-28 20:11:48+00","0","420","258","37.19","33.64","72.99","0","154","5","683.39","23.62"
"1003711","2023-12-28 20:15:22+00","0","337","347","49.69","33.64","72.99","0","101","3","436.77","18.09"
"1003712","2023-12-28 20:16:49+00","0","378","256","37.09","33.64","72.99","0","162","5","593.71","23.89"
"1003713","2023-12-28 20:20:23+00","0","325","356","49.8","33.64","72.99","0","93","3","441.53","18.03"
"1003714","2023-12-28 20:21:50+00","0","479","270","37.28","33.64","72.99","0","166","5","744.39","24.15"
"1003715","2023-12-28 20:25:24+00","0","325","380","50.19","33.64","72.99","0","91","3","439.99","17.94"
"1003716","2023-12-28 20:26:52+00","0","347","259","36.97","33.64","72.99","0","148","5","584.82","24.29"
"1003717","2023-12-28 20:30:26+00","0","399","357","50.26","33.64","72.99","0","113","3","446.87","17.89"
"1003718","2023-12-28 20:31:53+00","0","359","259","36.96","33.64","72.99","0","164","5","585.01","24.49"
"1003719","2023-12-28 20:35:27+00","0","356","313","50.17","33.64","72.99","0","115","3","452.78","17.76"
"1003720","2023-12-28 20:36:54+00","0","390","265","36.8","33.64","72.99","0","169","5","590.5","24.67"
"1003721","2023-12-28 20:40:29+00","0","362","321","50.26","33.64","72.99","0","115","3","462.45","17.64"
"1003722","2023-12-28 20:41:56+00","0","429","273","36.87","33.64","72.99","0","177","5","630.37","24.74"
"1003723","2023-12-28 20:45:30+00","0","355","289","50.42","33.64","72.99","0","113","3","461.99","17.42"
"1003724","2023-12-28 20:46:57+00","0","414","267","36.78","33.64","72.99","0","171","5","615.67","24.83"
"1003725","2023-12-28 20:50:31+00","0","352","311","50.79","33.64","72.99","0","113","3","459.92","17.24"
"1003726","2023-12-28 20:51:58+00","0","478","287","36.77","33.64","72.99","0","188","5","658.83","24.78"
"1003727","2023-12-28 20:55:33+00","0","345","310","51.1","33.64","72.99","0","112","3","459.1","17.08"
"1003728","2023-12-28 20:57:00+00","0","395","291","36.87","33.64","72.99","0","219","5","661.49","24.81"
"1003729","2023-12-28 21:00:34+00","0","562","316","51.42","33.64","72.99","0","126","3","475.27","16.93"
"1003730","2023-12-28 21:02:01+00","0","437","292","36.79","33.64","72.99","0","206","5","642.55","24.98"
"1003731","2023-12-28 21:05:35+00","0","520","317","51.7","33.64","72.99","0","128","3","496.15","16.83"
"1003732","2023-12-28 21:07:02+00","0","406","278","36.61","33.64","72.99","0","187","5","614.95","25.1"
"1003733","2023-12-28 21:10:37+00","0","401","337","51.97","33.64","72.99","0","120","3","478.68","16.71"
"1003734","2023-12-28 21:12:04+00","0","494","277","36.51","33.64","72.99","0","196","5","643.84","25.14"
"1003735","2023-12-28 21:15:38+00","0","412","311","52.05","33.64","72.99","0","119","3","480.16","16.62"
"1003736","2023-12-28 21:17:05+00","0","417","273","36.41","33.64","72.99","0","186","5","666.84","25.11"
"1003737","2023-12-28 21:20:39+00","0","362","274","52.07","33.64","72.99","0","115","3","474.62","16.49"
"1003738","2023-12-28 21:22:06+00","0","381","275","36.3","33.64","72.99","0","174","5","577.31","25.01"
"1003739","2023-12-28 21:25:41+00","0","349","267","52.07","33.64","72.99","0","113","3","463.98","16.36"
"1003740","2023-12-28 21:27:08+00","0","414","278","36.26","33.64","72.99","0","187","5","595.35","25.03"
"1003741","2023-12-28 21:30:42+00","0","347","288","52.38","33.64","72.99","0","112","3","463.45","16.22"
"1003742","2023-12-28 21:32:09+00","0","466","281","36.31","33.64","72.99","0","188","5","641.84","25.07"
"1003743","2023-12-28 21:35:43+00","0","343","303","52.45","33.64","72.99","0","111","3","462.64","16.09"
"1003744","2023-12-28 21:37:11+00","0","410","316","36.13","33.64","72.99","0","187","5","610.98","25.06"
"1003745","2023-12-28 21:40:44+00","0","338","259","52.41","33.64","72.99","0","111","3","461.68","16.04"
"1003746","2023-12-28 21:42:12+00","0","434","336","36.05","33.64","72.99","0","193","5","616.36","24.97"
"1003747","2023-12-28 21:45:46+00","0","332","264","52.45","33.64","72.99","0","109","3","459.47","15.98"
"1003748","2023-12-28 21:47:13+00","0","493","278","35.69","33.64","72.99","0","168","5","631.91","24.87"
"1003749","2023-12-28 21:50:47+00","0","326","292","52.39","33.64","72.99","0","109","3","461.17","15.92"
"1003750","2023-12-28 21:52:15+00","0","400","275","35.44","33.64","72.99","0","165","5","564.89","24.64"
"1003751","2023-12-28 21:55:48+00","0","353","271","52.39","33.64","72.99","0","109","3","459.55","15.85"
"1003752","2023-12-28 21:57:16+00","0","358","270","35.24","33.64","72.99","0","165","5","547.08","24.3"
"1003753","2023-12-28 22:00:50+00","0","327","269","52.46","33.64","72.99","0","108","3","455.22","15.71"
"1003754","2023-12-28 22:02:17+00","0","361","267","35.34","33.64","72.99","0","167","5","546.13","23.94"
"1003755","2023-12-28 22:05:51+00","0","326","276","52.43","33.64","72.99","0","108","3","452.51","15.67"
"1003756","2023-12-28 22:07:18+00","0","372","257","35.55","33.64","72.99","0","174","5","541.34","23.64"
"1003757","2023-12-28 22:10:52+00","0","306","285","52.31","33.64","72.99","0","105","3","454.05","15.63"
"1003758","2023-12-28 22:12:20+00","0","374","248","35.9","33.64","72.99","0","185","5","563.83","23.64"
"1003759","2023-12-28 22:15:54+00","0","304","240","52.3","33.64","72.99","0","105","3","452.33","15.57"
"1003760","2023-12-28 22:17:21+00","0","366","252","36.05","33.64","72.99","0","182","5","559.29","23.78"
"1003761","2023-12-28 22:20:55+00","0","298","217","52.21","33.64","72.99","0","105","3","442.24","15.56"
"1003762","2023-12-28 22:22:22+00","0","357","231","36.07","33.64","72.99","0","183","5","563.87","23.97"
"1003763","2023-12-28 22:25:56+00","0","301","234","52.17","33.64","72.99","0","104","3","445.14","15.54"
"1003764","2023-12-28 22:27:23+00","0","347","235","35.79","33.64","72.99","0","165","5","529.81","24.15"
"1003765","2023-12-28 22:30:57+00","0","321","329","52.37","33.64","72.99","0","106","3","447.14","15.56"
"1003766","2023-12-28 22:32:25+00","0","345","237","35.71","33.64","72.99","0","162","5","518.39","24.29"
"1003767","2023-12-28 22:35:59+00","0","327","317","52.45","33.64","72.99","0","107","3","455.92","15.57"
"1003768","2023-12-28 22:37:26+00","0","343","262","35.22","33.64","72.99","0","147","5","488.82","24.22"
"1003769","2023-12-28 22:41:00+00","0","328","284","52.46","33.64","72.99","0","105","3","453.41","15.46"
"1003770","2023-12-28 22:42:28+00","0","353","264","35.08","33.64","72.99","0","145","5","491.68","23.95"
"1003771","2023-12-28 22:46:01+00","0","356","294","52.64","33.64","72.99","0","107","3","459.43","15.36"
"1003772","2023-12-28 22:47:29+00","0","374","273","35.09","33.64","72.99","0","149","5","501.31","23.48"
"1003773","2023-12-28 22:51:03+00","0","362","267","52.74","33.64","72.99","0","108","3","469.08","15.27"
"1003774","2023-12-28 22:52:30+00","0","379","260","35.37","33.64","72.99","0","159","5","515.92","23.15"
"1003775","2023-12-28 22:56:04+00","0","371","266","52.84","33.64","72.99","0","109","3","479.1","15.19"
"1003776","2023-12-28 22:57:31+00","0","385","267","35.44","33.64","72.99","0","160","5","516.41","22.92"
"1003777","2023-12-28 23:01:05+00","0","380","245","52.9","33.64","72.99","0","110","3","485.79","15.13"
"1003778","2023-12-28 23:02:33+00","0","377","259","35.62","33.64","72.99","0","162","5","516.75","22.85"
"1003779","2023-12-28 23:06:07+00","0","378","243","52.86","33.64","72.99","0","111","3","488.98","15.07"
"1003780","2023-12-28 23:07:34+00","0","369","244","35.59","33.64","72.99","0","155","5","507.01","22.74"
"1003781","2023-12-28 23:11:08+00","0","366","331","53.11","33.64","72.99","0","108","3","485.98","15.02"
"1003782","2023-12-28 23:12:38+00","0","355","264","35.65","33.64","72.99","0","147","5","497.66","22.56"
"1003783","2023-12-28 23:16:09+00","0","353","328","53.05","33.64","72.99","0","106","3","483.78","15.06"
"1003784","2023-12-28 23:17:39+00","0","343","259","35.74","33.64","72.99","0","139","5","497.44","22.27"
"1003785","2023-12-28 23:21:10+00","0","344","300","52.87","33.64","72.99","0","106","3","475.72","15.13"
"1003786","2023-12-28 23:22:41+00","0","340","256","35.89","33.64","72.99","0","140","5","494.24","22.14"
"1003787","2023-12-28 23:26:12+00","0","321","277","52.64","33.64","72.99","0","104","3","466.8","15.2"
"1003788","2023-12-28 23:27:42+00","0","333","248","36.07","33.64","72.99","0","139","5","494.51","22.13"
"1003789","2023-12-28 23:31:13+00","0","309","243","52.55","33.64","72.99","0","101","3","466.72","15.23"
"1003790","2023-12-28 23:32:43+00","0","326","229","36.09","33.64","72.99","0","132","5","488.07","21.93"
"1003791","2023-12-28 23:36:14+00","0","291","221","52.33","33.64","72.99","0","99","3","459.21","15.27"
"1003792","2023-12-28 23:37:44+00","0","330","224","36.31","33.64","72.99","0","136","5","486.69","22.01"
"1003793","2023-12-28 23:41:19+00","0","282","250","52.06","33.64","72.99","0","97","3","458.17","15.34"
"1003794","2023-12-28 23:42:46+00","0","314","234","36.35","33.64","72.99","0","124","5","485.15","22.07"
"1003795","2023-12-28 23:46:20+00","0","296","232","51.89","33.64","72.99","0","100","3","460.47","15.4"
"1003796","2023-12-28 23:47:47+00","0","308","232","36.35","33.64","72.99","0","123","5","481.43","21.81"
"1003797","2023-12-28 23:51:21+00","0","294","223","51.8","33.64","72.99","0","99","3","465.54","15.5"
"1003798","2023-12-28 23:52:48+00","0","304","217","36.47","33.64","72.99","0","123","5","480.36","21.77"
"1003799","2023-12-28 23:56:22+00","0","293","231","51.61","33.64","72.99","0","100","3","467.76","15.5"
"1003800","2023-12-28 23:57:50+00","0","296","223","36.56","33.64","72.99","0","123","5","470.35","21.84"
"1003801","2023-12-29 00:01:24+00","0","290","240","51.65","33.64","72.99","0","100","3","466.61","15.44"
"1003802","2023-12-29 00:02:51+00","0","294","217","36.55","33.64","72.99","0","119","5","472.4","21.89"
"1003803","2023-12-29 00:08:01+00","0","294","205","36.6","33.64","72.99","0","119","5","467.89","22.01"
"1003804","2023-12-29 00:11:35+00","0","278","240","51.9","33.64","72.99","0","96","3","460.08","15.22"
"1003805","2023-12-29 00:12:58+00","0","289","213","36.52","33.64","72.99","0","115","5","466.22","22.14"
"1003806","2023-12-29 00:16:38+00","0","281","248","52.19","33.64","72.99","0","97","3","462.97","15.1"
"1003807","2023-12-29 00:18:01+00","0","283","213","36.42","33.64","72.99","0","112","5","463.12","21.99"
"1003808","2023-12-29 00:21:40+00","0","293","274","52.43","33.64","72.99","0","99","3","469.01","15.05"
"1003809","2023-12-29 00:23:03+00","0","285","215","36.49","33.64","72.99","0","111","5","470.41","21.78"
"1003810","2023-12-29 00:26:42+00","0","318","279","52.71","33.64","72.99","0","103","3","475.18","14.99"
"1003811","2023-12-29 00:28:05+00","0","285","208","36.59","33.64","72.99","0","112","5","469.02","21.76"
"1003812","2023-12-29 00:31:45+00","0","311","251","52.72","33.64","72.99","0","103","3","475.48","14.95"
"1003813","2023-12-29 00:33:07+00","0","292","205","36.69","33.64","72.99","0","113","5","461.22","21.81"
"1003814","2023-12-29 00:36:47+00","0","322","267","52.74","33.64","72.99","0","105","3","472.58","14.91"
"1003815","2023-12-29 00:38:09+00","0","308","208","36.75","33.64","72.99","0","119","5","459.51","22.01"
"1003816","2023-12-29 00:41:50+00","0","327","278","52.9","33.64","72.99","0","105","3","477.93","14.81"
"1003817","2023-12-29 00:43:12+00","0","323","211","36.66","33.64","72.99","0","127","5","476.74","22.15"
"1003818","2023-12-29 00:46:52+00","0","322","229","52.91","33.64","72.99","0","105","3","481.5","14.7"
"1003819","2023-12-29 00:48:14+00","0","331","218","36.66","33.64","72.99","0","136","5","482.27","22.34"
"1003820","2023-12-29 00:51:55+00","0","322","230","53.07","33.64","72.99","0","105","3","481.65","14.57"
"1003821","2023-12-29 00:53:16+00","0","335","217","36.53","33.64","72.99","0","136","5","490.17","22.52"
"1003822","2023-12-29 00:56:57+00","0","328","283","53.4","33.64","72.99","0","106","3","481.9","14.45"
"1003823","2023-12-29 00:58:19+00","0","323","221","36.4","33.64","72.99","0","132","5","492.7","22.62"
"1003824","2023-12-29 01:01:59+00","0","335","259","53.63","33.64","72.99","0","105","3","486.41","14.35"
"1003825","2023-12-29 01:03:21+00","0","326","217","36.34","33.64","72.99","0","133","5","492.57","22.69"
"1003826","2023-12-29 01:07:02+00","0","340","276","53.96","33.64","72.99","0","107","3","487.93","14.23"
"1003827","2023-12-29 01:08:23+00","0","329","212","36.23","33.64","72.99","0","136","5","484.35","22.83"
"1003828","2023-12-29 01:12:04+00","0","347","267","54.22","33.64","72.99","0","109","3","489.63","14.19"
"1003829","2023-12-29 01:13:26+00","0","330","215","36.11","33.64","72.99","0","136","5","486.54","23"
"1003830","2023-12-29 01:17:07+00","0","346","297","54.37","33.64","72.99","0","108","3","491.19","14.16"
"1003831","2023-12-29 01:18:28+00","0","333","218","36.09","33.64","72.99","0","140","5","486.58","23.17"
"1003832","2023-12-29 01:22:09+00","0","337","324","54.41","33.64","72.99","0","108","3","489.15","14.09"
"1003833","2023-12-29 01:23:31+00","0","342","261","35.78","33.64","72.99","0","144","5","499.37","23.05"
"1003834","2023-12-29 01:27:11+00","0","341","264","54.4","33.64","72.99","0","109","3","495.88","13.96"
"1003835","2023-12-29 01:28:33+00","0","325","236","35.64","33.64","72.99","0","135","5","494.04","22.61"
"1003836","2023-12-29 01:32:14+00","0","340","240","54.5","33.64","72.99","0","107","3","493.33","13.88"
"1003837","2023-12-29 01:33:36+00","0","329","228","35.84","33.64","72.99","0","137","5","488.26","22.45"
"1003838","2023-12-29 01:37:16+00","0","334","237","54.65","33.64","72.99","0","107","3","488.54","13.76"
"1003839","2023-12-29 01:38:38+00","0","343","233","36.02","33.64","72.99","0","144","5","494.51","22.5"
"1003840","2023-12-29 01:42:19+00","0","334","251","54.95","33.64","72.99","0","107","3","483.22","13.68"
"1003841","2023-12-29 01:43:41+00","0","350","234","35.99","33.64","72.99","0","145","5","494.34","22.62"
"1003842","2023-12-29 01:47:21+00","0","334","226","55.02","33.64","72.99","0","106","3","481.54","13.62"
"1003843","2023-12-29 01:48:43+00","0","348","235","35.98","33.64","72.99","0","144","5","499.04","22.75"
"1003844","2023-12-29 01:52:23+00","0","332","234","55.18","33.64","72.99","0","106","3","477.71","13.56"
"1003845","2023-12-29 01:53:46+00","0","349","260","35.71","33.64","72.99","0","138","5","494.94","22.54"
"1003846","2023-12-29 01:57:26+00","0","331","246","55.23","33.64","72.99","0","106","3","477.7","13.51"
"1003847","2023-12-29 01:58:48+00","0","336","265","35.7","33.64","72.99","0","135","5","494.78","21.99"
"1003848","2023-12-29 02:02:28+00","0","329","270","55.58","33.64","72.99","0","104","3","478.65","13.41"
"1003849","2023-12-29 02:03:50+00","0","327","270","35.96","33.64","72.99","0","132","5","499.38","21.52"
"1003850","2023-12-29 02:07:31+00","0","321","340","55.89","33.64","72.99","0","102","3","477.98","13.35"
"1003851","2023-12-29 02:08:53+00","0","313","254","36.25","33.64","72.99","0","128","5","492.97","21.09"
"1003852","2023-12-29 02:12:33+00","0","304","330","56.07","33.64","72.99","0","100","3","462.84","13.32"
"1003853","2023-12-29 02:13:55+00","0","311","243","36.51","33.64","72.99","0","127","5","480.98","20.87"
"1003854","2023-12-29 02:17:36+00","0","285","251","55.96","33.64","72.99","0","97","3","456.77","13.35"
"1003855","2023-12-29 02:18:57+00","0","300","252","36.75","33.64","72.99","0","124","5","480.15","20.75"
"1003856","2023-12-29 02:22:38+00","0","273","262","55.77","33.64","72.99","0","94","3","456.19","13.38"
"1003857","2023-12-29 02:24:00+00","0","287","251","36.86","33.64","72.99","0","120","5","473.15","20.64"
"1003858","2023-12-29 02:27:41+00","0","260","246","55.64","33.64","72.99","0","93","3","451.73","13.37"
"1003859","2023-12-29 02:29:01+00","0","277","240","36.87","33.64","72.99","0","111","5","470.34","20.43"
"1003860","2023-12-29 02:32:43+00","0","259","241","55.41","33.64","72.99","0","92","3","452.26","13.37"
"1003861","2023-12-29 02:34:04+00","0","276","245","37","33.64","72.99","0","108","5","464.47","20.3"
"1003862","2023-12-29 02:37:46+00","0","259","274","55.32","33.64","72.99","0","91","3","455.2","13.37"
"1003863","2023-12-29 02:39:05+00","0","260","247","37.22","33.64","72.99","0","95","5","459.02","19.88"
"1003864","2023-12-29 02:42:48+00","0","252","278","55.18","33.64","72.99","0","88","3","453.43","13.31"
"1003865","2023-12-29 02:44:08+00","0","254","240","37.51","33.64","72.99","0","91","5","450.9","19.44"
"1003866","2023-12-29 02:47:51+00","0","253","264","55.2","33.64","72.99","0","87","3","447.4","13.3"
"1003867","2023-12-29 02:49:11+00","0","263","220","37.67","33.64","72.99","0","98","5","445.39","19.31"
"1003868","2023-12-29 02:52:52+00","0","253","256","55.14","33.64","72.99","0","88","3","446.74","13.31"
"1003869","2023-12-29 02:54:13+00","0","262","229","37.98","33.64","72.99","0","100","5","448.36","19.55"
"1003870","2023-12-29 02:57:55+00","0","256","262","55.03","33.64","72.99","0","88","3","446.88","13.34"
"1003871","2023-12-29 02:59:15+00","0","267","212","38.09","33.64","72.99","0","103","5","454.58","19.91"
"1003872","2023-12-29 03:02:57+00","0","264","245","54.99","33.64","72.99","0","91","3","450.41","13.39"
"1003873","2023-12-29 03:04:17+00","0","289","213","38.09","33.64","72.99","0","112","5","457.24","20.34"
"1003874","2023-12-29 03:07:59+00","0","280","269","55.02","33.64","72.99","0","93","3","458.87","13.42"
"1003875","2023-12-29 03:09:22+00","0","294","229","38.03","33.64","72.99","0","116","5","466.85","20.71"
"1003876","2023-12-29 03:13:02+00","0","297","262","55.08","33.64","72.99","0","96","3","467.03","13.46"
"1003877","2023-12-29 03:14:24+00","0","308","229","37.88","33.64","72.99","0","123","5","474.75","21.08"
"1003878","2023-12-29 03:18:04+00","0","298","248","55.02","33.64","72.99","0","97","3","462.8","13.48"
"1003879","2023-12-29 03:19:27+00","0","319","220","37.69","33.64","72.99","0","125","5","484.49","21.45"
"1003880","2023-12-29 03:23:07+00","0","297","237","55","33.64","72.99","0","97","3","467.67","13.49"
"1003881","2023-12-29 03:24:29+00","0","331","254","37.33","33.64","72.99","0","131","5","493.73","21.69"
"1003882","2023-12-29 03:28:09+00","0","303","251","54.92","33.64","72.99","0","98","3","471.84","13.45"
"1003883","2023-12-29 03:29:32+00","0","326","221","37.12","33.64","72.99","0","129","5","493.55","21.67"
"1003884","2023-12-29 03:33:11+00","0","300","212","54.93","33.64","72.99","0","98","3","467.68","13.41"
"1003885","2023-12-29 03:34:34+00","0","329","235","37.01","33.64","72.99","0","130","5","489.41","21.76"
"1003886","2023-12-29 03:38:14+00","0","303","199","54.98","33.64","72.99","0","99","3","467.87","13.32"
"1003887","2023-12-29 03:39:37+00","0","330","232","36.93","33.64","72.99","0","130","5","493.07","21.92"
"1003888","2023-12-29 03:43:16+00","0","302","237","55.15","33.64","72.99","0","98","3","477.08","13.28"
"1003889","2023-12-29 03:44:39+00","0","327","230","36.84","33.64","72.99","0","129","5","494.86","22.07"
"1003890","2023-12-29 03:48:19+00","0","301","211","55.26","33.64","72.99","0","98","3","476.37","13.22"
"1003891","2023-12-29 03:49:40+00","0","323","223","36.59","33.64","72.99","0","124","5","497.49","22.2"
"1003892","2023-12-29 03:53:21+00","0","301","203","55.35","33.64","72.99","0","98","3","475.88","13.15"
"1003893","2023-12-29 03:54:43+00","0","319","220","36.46","33.64","72.99","0","124","5","492.84","22.34"
"1003894","2023-12-29 03:58:24+00","0","298","243","55.5","33.64","72.99","0","96","3","473.56","13.07"
"1003895","2023-12-29 03:59:45+00","0","310","215","36.33","33.64","72.99","0","120","5","479.96","22.5"
"1003896","2023-12-29 04:03:26+00","0","292","234","55.67","33.64","72.99","0","94","3","472.5","13.04"
"1003897","2023-12-29 04:04:48+00","0","307","207","36.19","33.64","72.99","0","118","5","485.44","22.66"
"1003898","2023-12-29 04:08:28+00","0","284","229","55.71","33.64","72.99","0","92","3","467.26","13.03"
"1003899","2023-12-29 04:09:50+00","0","297","209","35.88","33.64","72.99","0","111","5","482.77","22.76"
"1003900","2023-12-29 04:13:31+00","0","270","267","55.75","33.64","72.99","0","91","3","454.05","13"
"1003901","2023-12-29 04:14:53+00","0","288","197","35.73","33.64","72.99","0","109","5","480.49","22.82"
"1003902","2023-12-29 04:18:33+00","0","267","274","55.69","33.64","72.99","0","88","3","452.55","12.96"
"1003903","2023-12-29 04:19:55+00","0","286","195","35.57","33.64","72.99","0","105","5","476.55","22.95"
"1003904","2023-12-29 04:23:36+00","0","262","232","55.7","33.64","72.99","0","87","3","454","12.97"
"1003905","2023-12-29 04:24:57+00","0","282","191","35.41","33.64","72.99","0","104","5","475.21","22.99"
"1003906","2023-12-29 04:28:38+00","0","260","189","55.63","33.64","72.99","0","87","3","455.43","13.03"
"1003907","2023-12-29 04:30:02+00","0","281","187","35.35","33.64","72.99","0","106","5","475","23.09"
"1003908","2023-12-29 04:33:40+00","0","261","188","55.46","33.64","72.99","0","88","3","449.13","13.1"
"1003909","2023-12-29 04:35:04+00","0","284","186","35.23","33.64","72.99","0","107","5","469.42","23.19"
"1003910","2023-12-29 04:38:43+00","0","257","186","55.31","33.64","72.99","0","89","3","454.11","13.13"
"1003911","2023-12-29 04:40:07+00","0","285","186","35.14","33.64","72.99","0","109","5","477.81","23.27"
"1003912","2023-12-29 04:43:45+00","0","256","191","55.18","33.64","72.99","0","89","3","451.1","13.11"
"1003913","2023-12-29 04:45:09+00","0","285","186","34.97","33.64","72.99","0","108","5","470.21","23.38"
"1003914","2023-12-29 04:48:48+00","0","257","211","55.22","33.64","72.99","0","87","3","450.02","13.03"
"1003915","2023-12-29 04:50:11+00","0","289","190","34.83","33.64","72.99","0","109","5","483.1","23.48"
"1003916","2023-12-29 04:53:50+00","0","256","194","55.19","33.64","72.99","0","87","3","449.97","12.96"
"1003917","2023-12-29 04:55:14+00","0","270","199","34.57","33.64","72.99","0","104","5","468.73","23.48"
"1003918","2023-12-29 04:58:53+00","0","254","210","55.36","33.64","72.99","0","85","3","450.76","12.86"
"1003919","2023-12-29 05:00:16+00","0","257","202","34.17","33.64","72.99","0","99","5","468.6","23.13"
"1003920","2023-12-29 05:03:55+00","0","252","186","55.41","33.64","72.99","0","86","3","442.88","12.79"
"1003921","2023-12-29 05:05:19+00","0","268","203","34.33","33.64","72.99","0","100","5","470.58","22.83"
"1003922","2023-12-29 05:08:58+00","0","251","196","55.5","33.64","72.99","0","85","3","446.73","12.7"
"1003923","2023-12-29 05:10:21+00","0","274","195","34.54","33.64","72.99","0","102","5","472.94","22.72"
"1003924","2023-12-29 05:14:00+00","0","254","229","55.79","33.64","72.99","0","84","3","445.73","12.67"
"1003925","2023-12-29 05:15:23+00","0","272","200","34.6","33.64","72.99","0","102","5","468.02","22.75"
"1003926","2023-12-29 05:19:03+00","0","250","211","55.95","33.64","72.99","0","87","3","444.85","12.57"
"1003927","2023-12-29 05:20:26+00","0","268","213","34.39","33.64","72.99","0","102","5","462.06","22.56"
"1003928","2023-12-29 05:24:05+00","0","248","226","56","33.64","72.99","0","86","3","446.35","12.49"
"1003929","2023-12-29 05:25:28+00","0","276","205","34.51","33.64","72.99","0","103","5","463.58","22.41"
"1003930","2023-12-29 05:29:07+00","0","247","208","56.12","33.64","72.99","0","84","3","447.32","12.45"
"1003931","2023-12-29 05:30:31+00","0","271","210","34.67","33.64","72.99","0","104","5","465.85","22.38"
"1003932","2023-12-29 05:34:10+00","0","246","214","56.22","33.64","72.99","0","84","3","438.84","12.4"
"1003933","2023-12-29 05:35:33+00","0","268","205","34.66","33.64","72.99","0","100","5","463.52","22.42"
"1003934","2023-12-29 05:39:12+00","0","252","237","56.29","33.64","72.99","0","85","3","442.51","12.39"
"1003935","2023-12-29 05:40:36+00","0","268","207","34.73","33.64","72.99","0","101","5","463.32","22.54"
"1003936","2023-12-29 05:44:15+00","0","248","248","56.32","33.64","72.99","0","85","3","445.54","12.35"
"1003937","2023-12-29 05:45:38+00","0","269","215","34.71","33.64","72.99","0","101","5","454.77","22.62"
"1003938","2023-12-29 05:49:17+00","0","254","248","56.42","33.64","72.99","0","85","3","450.07","12.33"
"1003939","2023-12-29 05:50:41+00","0","271","223","34.65","33.64","72.99","0","99","5","467.83","22.68"
"1003940","2023-12-29 05:54:20+00","0","257","245","56.56","33.64","72.99","0","83","3","445.67","12.31"
"1003941","2023-12-29 05:55:43+00","0","266","232","34.56","33.64","72.99","0","100","5","466.14","22.8"
"1003942","2023-12-29 05:59:22+00","0","255","344","56.93","33.64","72.99","0","84","3","449.94","12.31"
"1003943","2023-12-29 06:00:46+00","0","262","243","34.44","33.64","72.99","0","99","5","462.95","22.82"
"1003944","2023-12-29 06:04:25+00","0","251","264","56.92","33.64","72.99","0","82","3","447.77","12.35"
"1003945","2023-12-29 06:05:48+00","0","264","240","34.27","33.64","72.99","0","100","5","465.58","22.8"
"1003946","2023-12-29 06:09:27+00","0","245","248","56.84","33.64","72.99","0","82","3","447.28","12.42"
"1003947","2023-12-29 06:10:51+00","0","274","231","34.26","33.64","72.99","0","106","5","467.09","22.78"
"1003948","2023-12-29 06:14:30+00","0","240","237","56.62","33.64","72.99","0","83","3","443.69","12.43"
"1003949","2023-12-29 06:15:53+00","0","265","209","34.27","33.64","72.99","0","98","5","460.15","22.74"
"1003950","2023-12-29 06:19:32+00","0","238","245","56.55","33.64","72.99","0","80","3","446.04","12.42"
"1003951","2023-12-29 06:20:55+00","0","258","212","34.24","33.64","72.99","0","94","5","464.48","22.76"
"1003952","2023-12-29 06:24:35+00","0","238","271","56.56","33.64","72.99","0","82","3","440.35","12.42"
"1003953","2023-12-29 06:25:58+00","0","262","208","34.27","33.64","72.99","0","98","5","460.29","22.8"
"1003954","2023-12-29 06:29:37+00","0","244","259","56.54","33.64","72.99","0","80","3","445.77","12.4"
"1003955","2023-12-29 06:31:00+00","0","258","200","34.15","33.64","72.99","0","95","5","463.91","22.76"
"1003956","2023-12-29 06:34:39+00","0","235","232","56.67","33.64","72.99","0","71","3","440.14","12.38"
"1003957","2023-12-29 06:36:03+00","0","251","198","34.09","33.64","72.99","0","91","5","459.96","22.74"
"1003958","2023-12-29 06:39:41+00","0","238","204","56.77","33.64","72.99","0","73","3","442.12","12.39"
"1003959","2023-12-29 06:41:05+00","0","241","195","34.12","33.64","72.99","0","90","5","462.06","22.76"
"1003960","2023-12-29 06:44:44+00","0","236","199","56.76","33.64","72.99","0","71","3","438.88","12.45"
"1003961","2023-12-29 06:46:07+00","0","248","186","34.03","33.64","72.99","0","89","5","461.56","22.74"
"1003962","2023-12-29 06:49:46+00","0","236","187","56.7","33.64","72.99","0","78","3","442.9","12.48"
"1003963","2023-12-29 06:51:10+00","0","231","198","33.95","33.64","72.99","0","86","5","459.07","22.61"
"1003964","2023-12-29 06:54:48+00","0","236","196","56.54","33.64","72.99","0","78","3","436.73","12.53"
"1003965","2023-12-29 06:56:12+00","0","246","186","33.88","33.64","72.99","0","88","5","459.03","22.1"
"1003966","2023-12-29 06:59:51+00","0","234","204","56.4","33.64","72.99","0","78","3","443.07","12.5"
"1003967","2023-12-29 07:01:14+00","0","244","188","34.17","33.64","72.99","0","88","5","455.8","21.86"
"1003968","2023-12-29 07:04:54+00","0","236","203","56.64","33.64","72.99","0","73","3","443.88","12.46"
"1003969","2023-12-29 07:06:17+00","0","229","190","34.34","33.64","72.99","0","86","5","455.26","21.66"
"1003970","2023-12-29 07:09:56+00","0","232","208","56.73","33.64","72.99","0","68","3","447.28","12.42"
"1003971","2023-12-29 07:11:19+00","0","238","188","34.49","33.64","72.99","0","89","5","454.73","21.36"
"1003972","2023-12-29 07:14:59+00","0","224","194","56.59","33.64","72.99","0","77","3","440.47","12.45"
"1003973","2023-12-29 07:16:22+00","0","247","181","34.75","33.64","72.99","0","88","5","453.12","21.32"
"1003974","2023-12-29 07:20:01+00","0","226","184","56.54","33.64","72.99","0","75","3","444.16","12.4"
"1003975","2023-12-29 07:21:24+00","0","252","179","34.92","33.64","72.99","0","87","5","455.4","21.42"
"1003976","2023-12-29 07:25:03+00","0","230","216","56.74","33.64","72.99","0","63","3","438.65","12.39"
"1003977","2023-12-29 07:26:27+00","0","258","184","34.95","33.64","72.99","0","89","5","465.24","21.52"
"1003978","2023-12-29 07:30:06+00","0","231","211","56.98","33.64","72.99","0","68","3","439.48","12.39"
"1003979","2023-12-29 07:31:29+00","0","273","182","34.95","33.64","72.99","0","87","5","475.12","21.52"
"1003980","2023-12-29 07:35:08+00","0","230","186","57.08","33.64","72.99","0","74","3","439.39","12.46"
"1003981","2023-12-29 07:36:32+00","0","289","174","35.06","33.64","72.99","0","87","5","489.12","21.49"
"1003982","2023-12-29 07:40:11+00","0","229","203","57","33.64","72.99","0","66","3","440.6","12.55"
"1003983","2023-12-29 07:41:34+00","0","275","174","35.08","33.64","72.99","0","89","5","489.75","21.54"
"1003984","2023-12-29 07:45:13+00","0","228","191","56.96","33.64","72.99","0","58","3","438.33","12.64"
"1003985","2023-12-29 07:46:37+00","0","277","172","35.13","33.64","72.99","0","87","5","494.85","21.54"
"1003986","2023-12-29 07:50:16+00","0","220","219","56.54","33.64","72.99","0","42","3","433.99","12.8"
"1003987","2023-12-29 07:51:39+00","0","257","171","35.2","33.64","72.99","0","86","5","480.26","21.66"
"1003988","2023-12-29 07:55:18+00","0","227","218","56.13","33.64","72.99","0","39","3","434.27","12.94"
"1003989","2023-12-29 07:56:40+00","0","259","169","35.26","33.64","72.99","0","84","5","477.35","21.81"
"1003990","2023-12-29 08:00:21+00","0","226","203","55.98","33.64","72.99","0","44","3","432.56","13.15"
"1003991","2023-12-29 08:01:41+00","0","268","171","35.28","33.64","72.99","0","88","5","474.86","21.96"
"1003992","2023-12-29 08:05:23+00","0","237","182","55.99","33.64","72.99","0","60","3","436.78","13.46"
"1003993","2023-12-29 08:06:44+00","0","263","166","35.23","33.64","72.99","0","92","5","467.51","22.08"
"1003994","2023-12-29 08:10:26+00","0","238","174","55.84","33.64","72.99","0","73","3","436.73","13.81"
"1003995","2023-12-29 08:11:46+00","0","258","166","35.26","33.64","72.99","0","91","5","477.03","22.24"
"1003996","2023-12-29 08:15:28+00","0","232","174","55.39","33.64","72.99","0","67","3","436.23","14.12"
"1003997","2023-12-29 08:16:48+00","0","258","166","35.26","33.64","72.99","0","94","5","501.73","22.38"
"1003998","2023-12-29 08:20:31+00","0","233","169","55.13","33.64","72.99","0","69","3","433.42","14.44"
"1003999","2023-12-29 08:21:51+00","0","256","162","35.2","33.64","72.99","0","91","5","486.04","22.52"
"1004000","2023-12-29 08:25:33+00","0","233","182","54.61","33.64","72.99","0","62","3","437.78","14.86"
"1004001","2023-12-29 08:26:53+00","0","257","163","35.18","33.64","72.99","0","93","5","497.82","22.71"
"1004002","2023-12-29 08:30:35+00","0","225","190","53.14","33.64","72.99","0","39","3","435.64","15.23"
"1004003","2023-12-29 08:31:56+00","0","348","165","35.2","33.64","72.99","0","101","5","537.64","22.78"
"1004004","2023-12-29 08:35:38+00","0","223","198","51.61","33.64","72.99","0","43","3","435.23","15.57"
"1004005","2023-12-29 08:36:58+00","0","269","161","35.13","33.64","72.99","0","92","5","519.88","22.86"
"1004006","2023-12-29 08:40:40+00","0","225","198","50.18","33.64","72.99","0","53","3","434.54","15.92"
"1004007","2023-12-29 08:42:00+00","0","259","158","35.01","33.64","72.99","0","87","5","523.03","22.96"
"1004008","2023-12-29 08:45:43+00","0","227","186","49.42","33.64","72.99","0","57","3","437.58","16.32"
"1004009","2023-12-29 08:47:02+00","0","299","162","35","33.64","72.99","0","97","5","535.38","23.05"
"1004010","2023-12-29 08:50:45+00","0","237","189","49.03","33.64","72.99","0","73","3","439.26","16.78"
"1004011","2023-12-29 08:52:04+00","0","291","156","34.88","33.64","72.99","0","95","5","519.81","23.12"
"1004012","2023-12-29 08:55:48+00","0","232","187","48.48","33.64","72.99","0","68","3","440.11","17.43"
"1004013","2023-12-29 08:57:07+00","0","264","153","34.86","33.64","72.99","0","92","5","526.32","23.19"
"1004014","2023-12-29 09:00:50+00","0","239","184","47.57","33.64","72.99","0","83","3","437.44","18.21"
"1004015","2023-12-29 09:02:09+00","0","256","165","34.67","33.64","72.99","0","94","5","519.79","23.23"
"1004016","2023-12-29 09:05:52+00","0","266","183","46.05","33.64","72.99","0","97","3","450.36","19.12"
"1004017","2023-12-29 09:07:11+00","0","261","159","34.7","33.64","72.99","0","98","5","522.81","23.26"
"1004018","2023-12-29 09:10:55+00","0","240","186","43.74","33.64","72.99","0","73","3","440.62","19.91"
"1004019","2023-12-29 09:12:13+00","0","256","160","34.62","33.64","72.99","0","96","5","492.69","23.3"
"1004020","2023-12-29 09:15:56+00","0","235","188","42.21","33.64","72.99","0","78","3","437.3","20.53"
"1004021","2023-12-29 09:17:15+00","0","233","170","34.33","33.64","72.99","0","73","5","447.23","23.23"
"1004022","2023-12-29 09:20:57+00","0","244","215","41.9","33.64","72.99","0","79","3","444.81","21.17"
"1004023","2023-12-29 09:22:17+00","0","235","162","34.27","33.64","72.99","0","67","5","431.13","23.05"
"1004024","2023-12-29 09:26:00+00","0","236","222","40.53","33.64","72.99","0","76","3","445.37","21.99"
"1004025","2023-12-29 09:27:19+00","0","240","181","34.45","33.64","72.99","0","80","5","428.52","22.9"
"1004026","2023-12-29 09:31:02+00","0","231","220","38.67","33.64","72.99","0","47","3","436.53","22.72"
"1004027","2023-12-29 09:32:21+00","0","241","171","34.29","33.64","72.99","0","59","5","419.5","22.83"
"1004028","2023-12-29 09:36:05+00","0","216","216","37.01","33.64","72.99","0","25","3","449.93","23.15"
"1004029","2023-12-29 09:37:22+00","0","237","178","34.26","33.64","72.99","0","69","5","419.75","22.66"
"1004030","2023-12-29 09:41:07+00","0","221","232","36.36","33.64","72.99","0","41","3","458.03","23.42"
"1004031","2023-12-29 09:42:24+00","0","232","197","34.21","33.64","72.99","0","49","5","418.5","22.48"
"1004032","2023-12-29 09:46:10+00","0","229","226","35.86","33.64","72.99","0","61","3","461.07","23.7"
"1004033","2023-12-29 09:47:26+00","0","236","185","34.37","33.64","72.99","0","64","5","416.8","22.36"
"1004034","2023-12-29 09:51:12+00","0","236","232","35.12","33.64","72.99","0","72","3","451.69","24.21"
"1004035","2023-12-29 09:52:29+00","0","234","191","34.31","33.64","72.99","0","40","5","418","22.36"
"1004036","2023-12-29 09:56:15+00","0","246","216","34.4","33.64","72.99","0","85","3","447.37","24.7"
"1004037","2023-12-29 09:57:31+00","0","238","209","34.05","33.64","72.99","0","60","5","419.63","22.23"
"1004038","2023-12-29 10:01:17+00","0","244","246","33.36","33.64","72.99","0","81","3","453.93","25.21"
"1004039","2023-12-29 10:02:34+00","0","241","213","34.09","33.64","72.99","0","56","5","419.21","22.14"
"1004040","2023-12-29 10:06:20+00","0","250","262","32.45","33.64","72.99","0","81","3","451.65","25.64"
"1004041","2023-12-29 10:07:36+00","0","241","218","34.38","33.64","72.99","0","68","5","426.46","21.87"
"1004042","2023-12-29 10:11:22+00","0","247","262","32.43","33.64","72.99","0","83","3","456.26","25.88"
"1004043","2023-12-29 10:12:39+00","0","244","229","35.13","33.64","72.99","0","60","5","422.39","21.35"
"1004044","2023-12-29 10:16:24+00","0","259","262","32.69","33.64","72.99","0","95","3","450.64","25.98"
"1004045","2023-12-29 10:17:41+00","0","250","240","35.65","33.64","72.99","0","66","5","415.99","20.98"
"1004046","2023-12-29 10:21:27+00","0","256","251","31.68","33.64","72.99","0","94","3","449.6","26.13"
"1004047","2023-12-29 10:22:44+00","0","256","253","35.94","33.64","72.99","0","65","5","423.63","20.68"
"1004048","2023-12-29 10:26:28+00","0","268","297","31.13","33.64","72.99","0","98","3","447.53","26.12"
"1004049","2023-12-29 10:27:46+00","0","262","265","36.16","33.64","72.99","0","63","5","421.27","20.6"
"1004050","2023-12-29 10:31:29+00","0","276","328","31.37","33.64","72.99","0","95","3","452.53","25.95"
"1004051","2023-12-29 10:32:49+00","0","275","277","36.39","33.64","72.99","0","80","5","422.99","20.43"
"1004052","2023-12-29 10:36:32+00","0","269","321","31.4","33.64","72.99","0","80","3","456.77","25.84"
"1004053","2023-12-29 10:37:51+00","0","265","264","36.49","33.64","72.99","0","65","5","430.02","20.4"
"1004054","2023-12-29 10:41:34+00","0","285","313","31.51","33.64","72.99","0","98","3","459.05","25.84"
"1004055","2023-12-29 10:42:53+00","0","353","264","36.72","33.64","72.99","0","121","5","438.29","20.53"
"1004056","2023-12-29 10:46:37+00","0","276","331","31.25","33.64","72.99","0","85","3","455.91","25.84"
"1004057","2023-12-29 10:47:56+00","0","255","255","36.52","33.64","72.99","0","51","5","426.47","20.5"
"1004058","2023-12-29 10:51:39+00","0","274","318","31.24","33.64","72.99","0","84","3","451.82","26.02"